date,skill,model,input_tokens,output_tokens,cache_read,cache_creation
2026-06-18,config-validator,claude-sonnet-4-6,9,2727,237152,14881
2026-06-18,hn-digest,claude-sonnet-4-6,48,27386,2383388,48133
2026-06-18,heartbeat,claude-sonnet-4-6,15,9901,628839,35750
2026-06-18,heartbeat,claude-sonnet-4-6,11,5795,406222,31905
2026-06-19,heartbeat,claude-sonnet-4-6,134,4725,352930,31048
2026-06-19,heartbeat,claude-sonnet-4-6,11,3681,381612,48584
2026-06-19,heartbeat,claude-sonnet-4-6,342,4785,406273,31440
2026-06-20,heartbeat,claude-sonnet-4-6,9,3997,304204,29858
2026-06-20,heartbeat,claude-sonnet-4-6,10,3608,354130,29942
2026-06-20,heartbeat,claude-sonnet-4-6,10,3596,355800,30154
2026-06-21,heartbeat,claude-sonnet-4-6,10,3629,356262,30700
2026-06-21,heartbeat,claude-sonnet-4-6,10,3490,353186,29897
2026-06-21,heartbeat,claude-sonnet-4-6,11,3724,403124,30568
2026-06-22,heartbeat,claude-sonnet-4-6,11,3708,406614,30699
2026-06-22,heartbeat,claude-sonnet-4-6,10,4296,356376,30588
2026-06-22,heartbeat,claude-sonnet-4-6,135,4039,401442,30847
2026-06-23,heartbeat,claude-sonnet-4-6,10,3610,356866,30427
2026-06-23,heartbeat,claude-sonnet-4-6,10,5736,362279,32316
2026-06-23,heartbeat,claude-sonnet-4-6,45,6293,464909,33379
2026-06-24,heartbeat,claude-sonnet-4-6,10,4312,360984,31620
2026-06-24,heartbeat,claude-sonnet-4-6,10,3598,355788,30232
2026-06-24,heartbeat,claude-sonnet-4-6,12,4983,455896,32058
2026-06-25,heartbeat,claude-sonnet-4-6,10,4157,359657,31384
2026-06-25,heartbeat,claude-sonnet-4-6,10,4299,356519,30738
2026-06-25,heartbeat,claude-sonnet-4-6,12,5181,456640,32257
2026-06-26,heartbeat,claude-sonnet-4-6,10,3727,355430,30803
2026-06-26,heartbeat,claude-sonnet-4-6,10,6118,348016,32605
2026-06-26,heartbeat,claude-sonnet-4-6,10,3985,358360,30839
2026-06-27,heartbeat,claude-sonnet-4-6,9,2892,310091,30090
2026-06-27,heartbeat,claude-sonnet-4-6,10,3453,336964,48501
2026-06-27,heartbeat,claude-sonnet-4-6,10,4141,359418,31082
2026-06-28,heartbeat,claude-sonnet-4-6,9,3115,310520,30271
2026-06-28,heartbeat,claude-sonnet-4-6,11,5548,391687,50807
2026-06-28,heartbeat,claude-sonnet-4-6,10,4929,360491,31803
2026-06-29,heartbeat,claude-sonnet-4-6,10,4462,363091,31740
2026-06-29,heartbeat,claude-sonnet-4-6,10,3746,356477,30434
2026-06-29,heartbeat,claude-sonnet-4-6,12,5017,455517,32041
2026-06-30,heartbeat,claude-sonnet-4-6,10,9391,377026,36648
2026-06-30,heartbeat,claude-sonnet-4-6,10,4890,359174,31515
2026-06-30,heartbeat,claude-sonnet-4-6,11,4064,388266,49864
2026-07-01,heartbeat,claude-sonnet-4-6,9,3743,311258,30930
2026-07-01,heartbeat,claude-sonnet-4-6,12024,4545,326270,49647
2026-07-01,heartbeat,claude-sonnet-4-6,12,4301,456472,31672
2026-07-02,heartbeat,claude-sonnet-4-6,9,3728,312179,30950
2026-07-02,heartbeat,claude-sonnet-4-6,10,3062,353737,29699
2026-07-02,heartbeat,claude-sonnet-4-6,12,5898,469414,33630
2026-07-03,heartbeat,claude-sonnet-4-6,9,3609,312998,30731
2026-07-03,heartbeat,claude-sonnet-4-6,9,4308,293852,49418
2026-07-03,heartbeat,claude-sonnet-4-6,11,4589,406888,31511
2026-07-04,heartbeat,claude-sonnet-4-6,9,5266,316105,32400
2026-07-04,heartbeat,claude-sonnet-4-6,9,3882,310228,30498
2026-07-04,heartbeat,claude-sonnet-4-6,10,4470,360826,31450
2026-07-05,heartbeat,claude-sonnet-4-6,10,3743,361273,30998
2026-07-05,heartbeat,claude-sonnet-4-6,10,4717,357986,31502
2026-07-05,heartbeat,claude-sonnet-4-6,10,4153,359963,31053
2026-07-06,heartbeat,claude-sonnet-4-6,9,3258,310764,30432
2026-07-06,heartbeat,claude-sonnet-4-6,10,4739,326506,49794
2026-07-06,heartbeat,claude-sonnet-4-6,13,5349,506945,32756
2026-07-07,heartbeat,claude-sonnet-4-6,9,4722,316427,32035
2026-07-07,heartbeat,claude-sonnet-4-6,10,3555,341910,49295
2026-07-07,heartbeat,claude-sonnet-4-6,13,5794,506830,33000
2026-07-08,heartbeat,claude-sonnet-4-6,10,4108,363359,31459
2026-07-08,heartbeat,claude-sonnet-4-6,9,4568,310799,31204
2026-07-08,heartbeat,claude-sonnet-4-6,12,4712,455725,31904
2026-07-09,heartbeat,claude-sonnet-4-6,11,3636,403491,30957
2026-07-09,heartbeat,claude-sonnet-4-6,337,3660,307906,30312
